,Word
,flood
,crash
,earthquake
,typhoon
,derail
,kill
,victim
,daed
,collapse
,injure
,death
,shoot
,bomb
,tsunami
,accident
,helicopter crash
,explode
,dreadful
,apoclypse
,strom
,burn
,hurt
,bad
,arrest
,cyclone
,attack
,fall
,blame
,critic
,fuck
,threat
,danger
,crisis
,heartbreak
,terrist
,war
,terror
,ill
,blast
,destroy
,horrible
,sad
,casualties
,poor
,hate
,grave
,horrify
,loss
,thunderstrom
,crude
,murder
,crime
,abacinate
,abacterial
,abaction
,abactor
,abaddon
,abailard
,abalation
,abandon
,abandonable
,abandoned
,abandonedly
,abandonee
,abandoner
,abandoners
,abandoning
,abandonment
,abandonments
,abandons
,abaris
,abarticulation
,abase
,abased
,abasedly
,abasedness
,abaser
,abasers
,abases
,abasgi
,abash
,abashed
,abashedly
,abashedness
,abashes
,abashing
,abashment
,abashments
,abasia
,abasias
,abasic
,abasing
,abasio
,abask
,abassi
,abassieh
,abassin
,abastral
,abatable
,abatage
,abate
,abatement
,abatements
,abater
,abaters
,abates
,abatic
,abating
,abatis
,abatised
,abatises
,abatjour
,abatjours
,abaton
,abator
,abators
,abats
,abattage
,abattis
,abattised
,abattises
,abattoir
,abattoirs
,abatua
,abature
,abaxial
,abbest
,abbevilean
,abbeville
,abbevillian
,abbey
,abbeys
,abbeystead
,abbeystede
,abboccato
,abbots
,abbotsen
,abbotsford
,abbotship
,abbotships
,abbotson
,abbotsun
,abbozzo
,abbreviatable
,abbreviate
,abbreviated
,abbreviately
,abbreviates
,abbreviating
,abbreviation
,abbreviations
,abbreviator
,abbreviators
,abbreviatory
,abbreviature
,abcissa
,abcoulomb
,abdicate
,abdicated
,abdicates
,abdicating
,abdication
,abdications
,abdicative
,abdicator
,astrology
,astromancer
,astromancy
,astromantic
,astromeda
,astrometeorological
,astrometeorologist
,astrometeorology
,astrometer
,astrometric
,astrometrical
,astrometry
,astron
,astronaut
,astronautarum
,astronautic
,astronautical
,astronautically
,astronautics
,astronauts
,astronavigation
,astronavigator
,astronomer
,astronomer_johann
,astropectinidae
,astrophel
,astrophil
,astrophobia
,astrophotographer
,astrophotographic
,astrophotography
,astrophotometer
,astrophotometrical
,astrophotometry
,astrophyllite
,astrophysical
,astrophysicist
,astrophysicists
,astrophyton
,astros_pitcher
,astroscope
,astroscopus
,astroscopy
,astrose
,astrospectral
,astrospectroscopic
,astrosphere
,astrospherecentrosomic
,astrotheology
,astroturf
,attestative
,attestator
,attested
,attester
,attesters
,attesting
,attestive
,attestor
,attestors
,attests
,attic_ionic
,ausable
,auschwitz
,auscultate
,auscultated
,auscultates
,auscultating
,auscultation
,auscultations
,auscultative
,auscultator
,auscultatory
,auspicate
,auspicated
,auspicating
,authoritarian
,authoritarianism
,authoritarianisms
,authoritarians
,auto_deplete
,auto_evacuate
,auto_exempt
,auto_exhaust
,auto_garage
,auto_ignition
,auto_immune
,auto_immune_disease
,beet_boodle
,beet_bread
,beet_cabbage
,beet_carbohydrate
,beet_dinero
,beet_dough
,beet_gelt
,beet_kale
,beet_lettuce
,beet_lolly
,beet_loot
,beet_lucre
,beet_moolah
,beet_pelf
,beet_saccharide
,beet_saccharify
,beetroot_sugar
,befall
,befallen
,befalling
,befalls
,befel
,befell
,befit
,befits
,befitted
,befitting
,befouler
,befoulers
,befoulier
,befouling
,befouls
,befriend
,befriended
,befriender
,befriending
,befriendment
,befriends
,befuddle
,befuddled
,befuddlement
,befuddlements
,befuddler
,befuddlers
,befuddles
,befuddling
,beg
,begorah
,begorra
,begorrah
,begorry
,begot
,begripe
,begroan
,begroaned
,begroaning
,begroans
,begrown
,begrudge
,begrudged
,begrudger
,begrudges
,begrudging
,begrudgingly
,begruntle
,begrutch
,begrutten
,begs
,begster
,beguard
,beguess
,canalization
,canalizations
,canalize
,canar
,canara
,canard
,canards
,canarese
,canari
,canarian
,canaries
,canarin
,canarine
,canariote
,canavan_disease
,cancel
,cancel_brush
,cancel_color
,cancel_control
,candida
,candidacies
,candidacy
,cholinergic_agent
,cholinergic_urticaria
,cholinesterase_inhibitor
,chondritic_layer
,chondroblastoma
,chondrocyte
,chorea
,choreal
,choreas
,choreatic
,chored
,choree
,choregi
,choregic
,choregrapher
,choregraphic
,choregraphically
,choregraphy
,choregus
,choreguses
,choregy
,chorei
,choreic
,choreiform
,choreman
,choremen
,choreo
,choreodrama
,choreograph
,choreographed
,choristic
,choristoblastoma
,choristoma
,choristoneura
,choristry
,chorization
,chorizo
,chorizont
,chorizontal
,chorizontes
,chorizontic
,chorizontist
,chorizos
,chorley
,chorobates
,chorogi
,chorograph
,chorographer
,chorographic
,chorographical
,chorographically
,chorographies
,chorography
,choroid
,choroidal
,choroidea
,choroiditis
,choroidocyclitis
,choroidoiritis
,choroidoretinitis
,choroids
,chorological
,chorologist
,chorology
,choromania
,choromanic
,chorometry
,chorook
,chorotega
,choroti
,chorous
,chort
,chorten
,chorti
,chow
,chow_chow
,chow_dynasty_yang
,chow_yang
,chow_yun_fat
,chowan
,chowanoc
,chowchilla
,chowchow
,chowchows
,chowder
,chowdered
,chowderhead
,chowderheaded
,chowderheadedness
,chowdering
,chowders
,chowed
,chowhound
,chowing
,chowk
,christianly
,christianna
,christianness
,christiano
,christiano_platonic
,christianogentilism
,christianography
,christianomastix
,christianopaganism
,christians
,christiansand
,christiansburg
,christiansen
,christianson
,christiansted
,christicide
,christie
,christies
,christiform
,christin
,christina
,christine
,christis
,demoralisation
,demoralise
,demoralised
,demoraliser
,demoralising
,demoralization
,demoralize
,demoralized
,demoralizer
,demoralizers
,demoralizes
,demoralizing
,demoralizingly
,demotist
,demotists
,demott
,nonwaxing
,nonvolition
,nonvolitional
,nonvolubility
,nonvoluble
,nonvolubleness
,nonvolubly
,nonvoluntary
,nonvortical
,nonvortically
,nonvoter
,nonvoters
,nonvoting
,nonvulcanizable
,nonvulcanized
,nonvulgarities
,nonvulgarity
,nonvulval
,nonvulvar
,nonvvacua
,nonwaiver
,nonwalking
,nonwar
,nonwarrantable
,nonwarrantably
,sacope
,sacque
,sacques
,sacr
,sacra
,sacrad
,sacral
,sacralgia
,sacralization
,sacralize
,sacrals
,sacrament
,sacramentarian
,sacramentarianism
,sacramentarist
,sacramentary
,sacramenter
,sacramentism
,sacramentize
,sacraments
,sacramentum
,sacraria
,sacrarial
,sacrificial_ancestry
,sacrificial_anode
,sacrificial_blood
,sacrificial_bloodline
,sacrificial_death
,sacrificial_descent
,sacrificial_lineage
,sacrificial_love
,sacrificial_origin
,sacrificial_parentage
,sacrificial_pedigree
,sacrificial_profligate
,sacry
,sacs
,sacttler
,sacul
,sagacity
,saggar
,saggard
,saggards
,saggared
,saggaring
,saggars
,sagged
,sagger
,saggered
,saggering
,saggers
,saguna_brahman
,sagunto
,sahara
,sahara_desert
,saharan
,saharan_abandon
,saharan_defect
,saharan_desert
,saharan_desolate
,saharan_forsake
,saharan_godforsaken
,saharan_inhospitable
,saharan_waste
,saharan_wild
,sail_propelled
,sail_stretched
,sail_winged
,sailable
,sailage
,sailboard
,sailboat
,sailboater
,sailboating
,sailboats
,sailcloth
,sailed
,sailer
,sailers
,sailesh
,sailfin
,sailfish
,sailfishes
,sailflying
,sailing
,sailingly
,sailings
,sails
,sailship
,sailsman
,saily
,sailyard
,sailye
,saith
,saithe
,saivism
,saivite
,sajdah
,sal_timberland
,sal_wood
,sal_woodland
,sala
,salaam
,salaamed
,salaaming
,salaamlike
,salaams
,salabilities
,salability
,salable
,salableness
,salably
,salaceta
,salacia
,salacious
,salaciously
,salaciousness
,salamo
,salamone
,salampore
,salamstone
,salangane
,salangi
,salangia
,salangid
,salangidae
,salary_cut
,salary_gap
,salba
,salband
,salbu
,salchow
,salchunas
,saldee
,saldid
,salduba
,sale
,frowns
,frowny
,frows
,frowsier
,frowsiest
,frowsily
,frowsiness
,frowst
,frowsted
,frowstier
,frowstiest
,frowstily
,frowstiness
,frowsts
,frowsty
,frowsy
,frowze
,frowzier
,frowziest
,frowzily
,frowziness
,frowzled
,frowzly
,frowzy
,frowzy_headed
,froze
,frozen
,frozen_beef
,frozen_blooded_murderer
,fructiferous
,fructiferously
,fructiferousness
,fructification
,fructificative
,fructified
,fructifier
,fructifies
,fructiform
,fructify
,fructifying
,frump
,frumperies
,frumpery
,frumpier
,frumpiest
,frumpily
,frumpiness
,frumpish
,frumpishly
,frumpishness
,frumple
,frumpled
,frumpling
,frumps
,frumpy
,frustrate
,frustrated
,frustrately
,frustrater
,frustrates
,frustrating
,frustratingly
,frustration
,frustrations
,frustrative
,frustratory
,fucked
,fucker
,fuckers
,fuckhead
,fucking
,fucks
,fuckup
,fuckups
,fuckwit
,fuddle
,fuddle_brained
,fuddle_sale
,fuddlebrained
,fuddled
,fuddledness
,fuddlement
,fuddler
,fuddles
,fuddling
,grim
,grim_cheeked
,grim_eyed
,grim_faced
,grim_featured
,grim_frowning
,grim_grinning
,grim_looking
,grim_set
,grim_visaged
,grimace
,grimaced
,grimacer
,grimacers
,grimaces
,grimacier
,grimacing
,grimacingly
,grimaldi
,grimaldian
,grimalkin
,grimaud
,grimbal
,grimbald
,grimbly
,grime
,grind
,misshipped
,misshod
,misshood
,missile
,missile_assail
,missile_assault
,missile_attack
,missile_attempt
,missile_blast
,missile_defense
,missile_defense_department
,missile_defense_force
,missile_defense_mechanism
,missile_defense_reaction
,missile_defensive_measure
,missile_demurrer
,missile_dod
,missilery
,missiles
,missilries
,missilry
,missin
,missiness
,missing
,missing_tooth
,missingly
,missiology
,missis
,missisauga
,missises
,missish
,missishness
,paralipses
,paralipsis
,paralitical
,parallactic
,parallactical
,parallactically
,parallax
,parallaxes